City,Cloudiness,Country,Date,Humidity,Lat,Lng,Max Temp,Wind Speed
Albany,100,US,1619926869,54,42.6001,-73.9662,48.0,1.88
Barrow,90,US,1619926893,86,71.2906,-156.7887,19.4,12.66
Arraial do Cabo,100,BR,1619926884,68,-22.9661,-42.0278,73.0,10.16
Ushuaia,20,AR,1619926866,87,-54.8,-68.3,37.4,5.75
Busselton,50,AU,1619926884,67,-33.65,115.3333,68.0,2.95
Ribeira Grande,100,PT,1619926976,97,38.5167,-28.7,61.5,9.82
Carnarvon,100,AU,1619926876,53,-24.8667,113.6333,73.4,12.66
Bundaberg,40,AU,1619927355,61,-24.85,152.35,77.0,16.11
Clyde River,90,CA,1619926971,92,70.4692,-68.5914,12.2,4.61
Shingū,75,JP,1619927072,44,33.7333,135.9833,60.8,8.05
Port Alfred,0,ZA,1619926863,60,-33.5906,26.891,59.95,5.23
Cape Town,0,ZA,1619926706,93,-33.9258,18.4232,61.0,3.44
Puerto Escondido,46,MX,1619927356,80,15.85,-97.0667,81.72,10.04
Punta Arenas,40,CL,1619926898,87,-53.15,-70.9167,39.2,5.75
Atuona,10,PF,1619926877,69,-9.8,-139.0333,79.7,7.83
Jamestown,20,US,1619926899,38,42.097,-79.2353,57.0,18.41
Matagami,90,CA,1619927357,100,49.7502,-77.6328,35.6,9.22
Myski,98,RU,1619927357,71,53.709,87.8014,43.36,11.36
Rikitea,96,PF,1619926886,77,-23.1203,-134.9692,76.77,12.82
Tautira,20,PF,1619927358,58,-17.7333,-149.15,86.0,3.44
Bluff,97,NZ,1619926907,85,-46.6,168.3333,57.99,7.0
Kaeo,0,NZ,1619927359,52,-35.1,173.7833,63.84,3.51
Puerto Ayora,36,EC,1619926871,93,-0.7393,-90.3518,73.99,1.01
Mataura,74,NZ,1619926884,85,-46.1927,168.8643,57.99,7.0
Saint Paul Harbor,90,US,1619926923,70,57.79,-152.4072,42.8,10.36
Hermanus,85,ZA,1619927360,73,-34.4187,19.2345,57.0,5.01
Bratsk,48,RU,1619927360,30,56.1325,101.6142,51.8,11.18
Nikolskoye,0,RU,1619926908,86,59.7035,30.7861,37.0,2.24
Saint-Philippe,0,RE,1619927361,64,-21.3585,55.7679,75.2,9.22
Mar del Plata,92,AR,1619926948,87,-38.0023,-57.5575,59.0,11.68
Dehui,40,CN,1619927362,44,44.5333,125.7,57.2,4.47
Tuktoyaktuk,90,CA,1619926684,93,69.4541,-133.0374,17.6,3.44
Ternate,89,ID,1619926947,73,0.8,127.4,83.44,6.24
Alekseyevka,87,RU,1619927363,72,50.6309,38.6903,54.7,4.09
Tasiilaq,10,GL,1619926904,80,65.6145,-37.6368,23.0,3.44
Port Hardy,20,CA,1619926800,71,50.6996,-127.4199,48.2,9.22
Khatanga,41,RU,1619927364,99,71.9667,102.5,32.27,5.12
Berlevåg,100,NO,1619927364,64,70.8578,29.0864,32.16,12.21
Kangaatsiaq,8,GL,1619927365,84,68.3065,-53.4641,32.27,9.22
Peleduy,90,RU,1619927365,78,59.6289,112.7406,44.44,6.44
Narsaq,13,GL,1619926949,26,60.9167,-46.05,42.8,43.73
Gwembe,86,ZM,1619927366,96,-16.4975,27.6069,60.57,9.08
Hong Kong,94,HK,1619926875,74,22.2855,114.1577,87.01,1.99
Hithadhoo,99,MV,1619926861,71,-0.6,73.0833,84.16,5.75
Puro,16,PH,1619927367,64,12.4841,123.3827,87.04,7.58
Egvekinot,99,RU,1619926856,68,66.3167,-179.1667,19.54,5.39
New Norfolk,100,AU,1619926915,39,-42.7826,147.0587,70.0,1.01
Whitecourt,75,CA,1619927107,87,54.1502,-115.6855,39.2,8.05
Dingle,34,PH,1619927005,50,10.9995,122.6711,91.96,13.94
Naze,0,JP,1619926809,40,28.3667,129.4833,73.4,9.22
Geraldton,0,AU,1619926898,30,-28.7667,114.6,71.6,17.27
Esperance,5,AU,1619927013,48,-33.8667,121.9,66.2,12.66
Kortkeros,20,RU,1619927368,59,61.8106,51.5806,32.0,11.18
São Miguel do Araguaia,100,BR,1619927369,74,-13.275,-50.1628,72.59,4.05
Lebu,100,CL,1619926955,96,-37.6167,-73.65,55.35,10.4
Balabac,100,PH,1619927370,73,7.9868,117.0645,84.83,10.22
Mehamn,100,NO,1619927370,68,71.0357,27.8492,30.9,10.4
Itarema,98,BR,1619927371,87,-2.9248,-39.9167,75.4,2.06
Kapaa,75,US,1619926911,73,22.0752,-159.319,78.8,13.8
Adrar,26,MR,1619927372,28,20.5022,-10.0711,78.12,10.71
Hobart,0,AU,1619926840,40,-42.8794,147.3294,71.6,6.91
Thongwa,40,MM,1619927372,66,16.7619,96.5278,89.6,2.3
Pontianak,75,ID,1619927373,70,-0.0333,109.3333,87.8,3.44
Gizo Government Station,100,SB,1619927374,71,-8.103,156.8419,82.58,1.34
Lucea,40,JM,1619927374,78,18.451,-78.1736,77.0,10.36
Neiafu,40,TO,1619927374,74,-18.65,-173.9833,82.4,11.5
Bredasdorp,5,ZA,1619927375,93,-34.5322,20.0403,39.2,4.61
Hasaki,20,JP,1619926964,42,35.7333,140.8333,68.0,18.41
Abrau-Dyurso,77,RU,1619927376,100,44.69,37.59,48.2,2.24
Khovd,54,MN,1619927376,17,48.0056,91.6419,43.27,15.84
Usinsk,99,RU,1619927377,65,65.9939,57.5281,32.7,21.52
Phan Thiet,5,VN,1619927377,55,10.9333,108.1,90.23,13.89
Tyumentsevo,7,RU,1619927377,52,53.3224,81.498,46.13,8.37
Tālcher,64,IN,1619927378,34,20.95,85.2167,97.57,2.84
Bengkulu,71,ID,1619926930,64,-3.8004,102.2655,86.05,6.53
Pevek,95,RU,1619926939,83,69.7008,170.3133,16.81,8.66
Villa Carlos Paz,0,AR,1619927379,82,-31.4241,-64.4978,66.99,6.91
Coquimbo,75,CL,1619926964,88,-29.9533,-71.3436,55.4,3.44
Teeli,99,RU,1619927379,34,51.0333,90.2333,39.24,9.37
Mocuba,43,MZ,1619926958,99,-16.8392,36.9856,68.32,4.7
Aku,96,NG,1619927380,95,6.7081,7.3167,73.62,3.38
Lima,0,PE,1619927105,88,-12.0432,-77.0282,70.0,3.44
Azul,87,AR,1619927301,87,-36.777,-59.8585,55.53,5.86
Shimsk,10,RU,1619927381,67,58.212,30.7127,36.99,2.64
Oussouye,0,SN,1619927381,94,12.485,-16.5469,71.6,4.61
Sangar,95,RU,1619927382,74,63.9242,127.4739,43.09,12.86
Bethel,1,US,1619926916,61,41.3712,-73.414,50.0,3.89
Ostrovnoy,100,RU,1619927018,89,68.0531,39.5131,31.1,23.85
Lat Yao,61,TH,1619927382,72,15.751,99.7893,91.0,3.76
Hilo,90,US,1619926901,83,19.7297,-155.09,75.2,5.75
Yellowknife,1,CA,1619926908,55,62.456,-114.3525,30.2,6.91
Chapais,90,CA,1619927383,93,49.7834,-74.8492,33.8,12.66
Buchanan,39,LR,1619927384,85,5.8808,-10.0467,79.75,7.61
Sioux Lookout,20,CA,1619927384,44,50.1001,-91.917,57.2,6.91
Mahébourg,40,MU,1619926883,94,-20.4081,57.7,73.4,2.3
Flinders,100,AU,1619926706,65,-34.5833,150.8552,75.99,4.0
Eilat,0,IL,1619927105,40,29.5581,34.9482,71.6,5.75
East London,0,ZA,1619926895,77,-33.0153,27.9116,57.2,5.75
Saldanha,0,ZA,1619927385,62,-33.0117,17.9442,55.4,1.14
Dunda,41,TZ,1619927386,95,-8.1167,34.25,61.32,0.58
Port Blair,12,IN,1619927008,67,11.6667,92.75,86.22,8.81
Iralaya,0,HN,1619927042,75,15.0,-83.2333,80.01,9.93
Guerrero Negro,74,MX,1619926936,87,27.9769,-114.0611,60.71,15.3
Touros,40,BR,1619926917,94,-5.1989,-35.4608,75.2,4.61
Avarua,90,CK,1619926876,78,-21.2078,-159.775,80.6,10.36
Ilulissat,40,GL,1619926595,52,69.2167,-51.1,41.0,16.11
Bridlington,5,GB,1619927387,100,54.0831,-0.1919,32.0,3.44
Castro,21,BR,1619926901,97,-24.7911,-50.0119,53.71,4.81
Santa Lucía,40,ES,1619927388,63,27.9117,-15.5407,66.2,17.27
Movila Banului,0,RO,1619927388,100,44.9833,26.6833,59.0,2.3
Manitouwadge,43,CA,1619927389,87,49.1215,-85.8403,35.6,3.44
Nanortalik,85,GL,1619927003,67,60.1432,-45.2371,35.01,14.65
Myanaung,0,MM,1619926913,39,18.2833,95.3167,94.66,4.05
Kahului,40,US,1619926635,69,20.8947,-156.47,78.8,21.85
Hostotipaquillo,0,MX,1619927390,31,21.0667,-104.0667,70.0,8.99
Viedma,100,AR,1619926826,49,-40.8135,-62.9967,63.16,10.8
Itupiranga,100,BR,1619927390,96,-5.1347,-49.3267,72.72,2.21
Ponta do Sol,100,PT,1619926867,68,32.6667,-17.1,57.0,1.01
Mbini,75,GQ,1619927391,100,1.574,9.6134,78.8,4.99
Chui,0,UY,1619927038,85,-33.6971,-53.4616,60.12,6.4
Taoudenni,96,ML,1619927057,42,22.6783,-3.9836,82.35,15.01
Hualmay,42,PE,1619926642,86,-11.0964,-77.6139,67.39,7.18
Rawson,57,AR,1619926938,56,-43.3002,-65.1023,58.73,11.77
Puerto Carreño,99,CO,1619927392,85,6.189,-67.4859,77.14,4.92
Vaini,75,TO,1619926887,73,-21.2,-175.2,78.8,11.5
Van,75,TR,1619927393,76,38.4924,43.3831,50.0,9.22
Harwich,10,GB,1619927393,84,51.9419,1.2844,36.0,1.01
Saskylakh,100,RU,1619926925,99,71.9167,114.0833,33.3,2.8
Constitución,100,CL,1619926932,93,-35.3333,-72.4167,55.18,3.13
Sarangani,67,PH,1619927394,73,5.4033,125.4636,83.53,20.33
Ulladulla,100,AU,1619927394,49,-35.35,150.4667,73.4,4.61
Walvis Bay,9,NA,1619927395,62,-22.9575,14.5053,57.2,1.14
Burns Lake,40,CA,1619927395,49,54.2331,-125.7533,48.2,3.44
Road Town,7,VG,1619927395,85,18.4167,-64.6167,78.01,3.0
Tsuruoka,75,JP,1619927396,87,38.7217,139.8217,53.6,19.57
Sitka,40,US,1619926950,71,57.0531,-135.33,46.4,5.75
Cidreira,0,BR,1619926917,86,-30.1811,-50.2056,66.83,11.54
Lorengau,52,PG,1619927397,69,-2.0226,147.2712,84.18,2.19
Nantucket,1,US,1619927095,81,41.2835,-70.0995,48.2,10.36
Kalianget,58,ID,1619927397,66,-7.05,113.9333,86.14,14.52
Yar-Sale,100,RU,1619926880,98,66.8333,70.8333,31.93,19.01
Port Macquarie,40,AU,1619926988,94,-31.4333,152.9167,64.4,4.61
Eyl,55,SO,1619927398,74,7.9803,49.8164,83.84,5.17
Ancud,0,CL,1619926855,76,-41.8697,-73.8203,50.0,9.22
Bayangol,100,RU,1619927399,73,50.6977,103.4656,37.02,11.27
Kaitangata,40,NZ,1619926891,50,-46.2817,169.8464,64.0,7.94
Were Īlu,100,ET,1619927400,89,10.6,39.4333,52.02,0.67
Butaritari,100,KI,1619926869,74,3.0707,172.7902,83.34,12.1
Hambantota,40,LK,1619926905,89,6.1241,81.1185,86.0,3.44
Qaanaaq,56,GL,1619926902,51,77.484,-69.3632,26.38,7.83
Tougue,99,GN,1619927401,60,11.4667,-11.6,75.63,2.84
Thompson,90,CA,1619926921,93,55.7435,-97.8558,23.0,5.75
Keti Bandar,56,PK,1619927001,54,24.1447,67.4497,86.81,11.7
Waipawa,2,NZ,1619926863,59,-41.4122,175.5153,62.6,4.61
Maceió,75,BR,1619927027,100,-9.6658,-35.7353,73.4,3.44
Puerto del Rosario,20,ES,1619927403,63,28.5004,-13.8627,66.2,16.11
Grindavik,0,IS,1619926955,60,63.8424,-22.4338,35.6,11.5
Makakilo City,90,US,1619927313,73,21.3469,-158.0858,80.6,9.22
San Patricio,20,US,1619926897,94,28.017,-97.5169,69.8,4.61
São Filipe,8,CV,1619926912,75,14.8961,-24.4956,71.38,11.18
Hobyo,28,SO,1619927011,69,5.3505,48.5268,84.69,10.18
Fort Nelson,75,CA,1619926879,43,58.8053,-122.7002,51.8,6.91
Bathsheba,20,BB,1619926976,61,13.2167,-59.5167,78.8,13.8
Jacksonville,1,US,1619927317,88,30.3322,-81.6556,73.0,8.3
Tiksi,100,RU,1619926927,90,71.6872,128.8694,27.55,4.79
Quartucciu,0,IT,1619927406,87,39.2519,9.1794,57.0,4.61
Longonjo,100,AO,1619927406,95,-12.9067,15.2533,62.62,1.01
Auki,89,SB,1619927005,78,-8.7676,160.7034,81.72,1.45
Pundaguitan,39,PH,1619927407,77,6.3711,126.1689,82.22,10.6
Fuling,100,CN,1619927408,48,29.7022,107.3919,87.04,4.03
Itainópolis,70,BR,1619927408,85,-7.4469,-41.4783,71.76,3.94
Qingdao,0,CN,1619927409,32,36.0986,120.3719,64.4,6.71
Maragogi,52,BR,1619927409,86,-9.0122,-35.2225,74.71,0.49
Yārāda,0,IN,1619927409,64,17.65,83.2667,86.79,9.57
Mindelo,20,CV,1619927410,64,16.8901,-24.9804,69.8,19.57
Outjo,8,NA,1619927410,72,-20.1167,16.15,60.73,8.52
Yangi Marg`ilon,21,UZ,1619926962,55,40.4272,71.7189,66.2,5.88
Beringovskiy,99,RU,1619927411,82,63.05,179.3167,21.81,12.59
Ciudad Bolivar,100,VE,1619927411,71,8.1222,-63.5497,79.88,10.98
Upernavik,8,GL,1619926935,74,72.7868,-56.1549,19.36,4.29
Niquero,94,CU,1619927412,67,20.0431,-77.5828,77.79,2.17
Xinyang,32,CN,1619927413,40,32.1228,114.0656,70.66,18.86
Norman Wells,75,CA,1619926979,45,65.282,-126.8329,42.8,8.05
Macia,35,MZ,1619927414,91,-25.0269,33.0989,60.42,7.78
Maltahöhe,0,NA,1619927414,38,-24.8333,16.9833,54.45,9.44
Sinsheim,100,DE,1619927414,70,49.2529,8.8787,48.99,5.59
Tiarei,20,PF,1619927415,58,-17.5333,-149.3333,86.0,3.44
Kenai,20,US,1619927415,31,60.5544,-151.2583,48.2,6.91
Avilés,0,ES,1619927416,93,43.5547,-5.9248,46.0,6.91
Bilma,0,NE,1619927416,6,18.6853,12.9164,81.05,8.77
Gogrial,100,SS,1619927417,56,8.5332,28.1004,80.1,7.4
Chokurdakh,6,RU,1619926891,83,70.6333,147.9167,25.95,4.81
Champerico,100,GT,1619927078,98,14.3,-91.9167,64.99,7.96
Provideniya,99,RU,1619927017,56,64.3833,-173.3,27.27,6.04
Baykit,99,RU,1619926664,80,61.67,96.37,39.02,5.59
Mandalgovi,30,MN,1619927418,25,45.7625,106.2708,64.45,24.43
Deputatsky,100,RU,1619926925,88,69.3,139.9,25.07,4.99
Port Lincoln,100,AU,1619926888,63,-34.7333,135.8667,63.41,12.06
Hofn,100,IS,1619926823,68,64.2539,-15.2082,34.32,13.51
Kurchum,1,KZ,1619927420,32,48.5722,83.6542,47.62,11.83
Kieta,100,PG,1619927089,74,-6.2167,155.6333,84.11,2.75
Oodweyne,67,SO,1619927420,77,9.4092,45.064,70.3,1.05
Airai,96,TL,1619926941,43,-8.9266,125.4092,72.9,3.78
Nouadhibou,75,MR,1619926992,72,20.931,-17.0347,66.2,19.57
Ouésso,94,CG,1619927421,99,1.6136,16.0517,69.71,1.36
Cabo San Lucas,20,MX,1619926906,64,22.8909,-109.9124,73.4,7.94
Suntar,100,RU,1619927422,99,62.1444,117.6319,37.24,3.38
Isa Khel,100,AF,1619927423,47,36.6702,68.8443,78.35,3.0
Okhotsk,21,RU,1619927423,72,59.3833,143.3,38.1,4.65
Dikson,100,RU,1619926865,89,73.5069,80.5464,25.36,5.93
Talcahuano,90,CL,1619927418,100,-36.7167,-73.1167,55.4,9.22
Tuatapere,26,NZ,1619926952,85,-46.1333,167.6833,57.99,7.0
Vao,99,NC,1619926885,70,-22.6667,167.4833,74.48,25.23
Contramaestre,40,CU,1619927424,83,20.2978,-76.2414,78.8,9.22
Mendi,78,PG,1619927425,76,-6.1761,143.6513,66.09,4.79
Sambava,10,MG,1619927425,90,-14.2667,50.1667,75.24,4.54
Pringsewu,83,ID,1619927249,82,-5.3582,104.9744,82.4,4.79
Putina,24,PE,1619927426,72,-15.4667,-69.4333,41.07,1.34
Chenghai,92,CN,1619927426,57,23.4632,116.768,82.4,11.18
Ayan,99,RU,1619927074,87,56.45,138.1667,32.31,8.32
Harper,80,LR,1619927427,85,4.375,-7.7169,79.27,6.22
Iqaluit,90,CA,1619926904,75,63.7506,-68.5145,37.4,24.16
Leer,97,SS,1619927428,64,8.3018,30.1418,78.48,5.39
Fortuna,90,US,1619926965,87,40.5982,-124.1573,53.01,12.66
Calabozo,100,VE,1619927428,70,8.9242,-67.4293,81.1,3.56
Saint George,1,US,1619926861,9,37.1041,-113.5841,80.6,9.22
Yelat'ma,93,RU,1619927429,67,54.9675,41.7508,43.3,2.86
Hay River,100,CA,1619927050,63,60.8156,-115.7999,26.6,5.75
Kinston,1,US,1619927185,71,35.2627,-77.5816,53.6,4.61
Upornaya,3,RU,1619927430,82,44.3914,41.0196,56.75,3.56
Kununurra,0,AU,1619927041,33,-15.7667,128.7333,91.4,6.91
The Valley,20,AI,1619926983,78,18.217,-63.0578,78.8,8.05
Cabedelo,20,BR,1619926889,94,-6.9811,-34.8339,75.2,5.75
Mthatha,75,ZA,1619927431,93,-31.5889,28.7844,50.0,2.3
Namatanai,36,PG,1619926684,72,-3.6667,152.4333,84.09,1.68
Lipin Bor,80,RU,1619927431,75,60.2622,37.9763,31.95,4.85
Belaya Gora,88,RU,1619927432,89,68.5333,146.4167,30.9,6.73
Isla Mujeres,20,MX,1619926889,74,21.2311,-86.731,81.0,9.22
Mucuri,96,BR,1619927170,81,-18.0864,-39.5508,72.7,11.12
Hatfield,14,GB,1619927432,87,51.7634,-0.2242,39.2,4.61
San Cristobal,96,VE,1619926995,94,7.7669,-72.225,66.88,1.45
Chapleau,46,CA,1619927433,97,47.8405,-83.4034,36.61,4.56
Richards Bay,19,ZA,1619926967,88,-28.783,32.0377,60.44,5.7
Ushtobe,46,KZ,1619927434,29,45.2514,77.9838,56.46,30.15
Roald,90,NO,1619926895,87,62.5833,6.1333,37.4,11.5
Severo-Kuril'sk,100,RU,1619926896,97,50.6789,156.125,35.22,24.74
Itapetininga,28,BR,1619927435,97,-23.5917,-48.0531,56.95,5.55
Marsá Maţrūḩ,0,EG,1619927435,26,31.3525,27.2453,69.8,2.28
Yomou,42,GN,1619927436,97,7.5603,-9.2653,72.03,2.91
Barcelona,20,ES,1619927379,82,41.3888,2.159,55.99,12.66
Souillac,40,MU,1619927016,94,-20.5167,57.5167,73.4,2.3
Kumul,96,CN,1619927437,20,42.8,93.45,65.07,9.37
Ankpa,100,NG,1619927437,92,7.3706,7.6253,74.17,5.95
San Quintín,100,MX,1619927437,86,30.4833,-115.95,59.11,12.35
Bhaderwah,52,IN,1619927438,46,32.9784,75.7186,71.69,0.56
Kamaishi,75,JP,1619926940,93,39.2667,141.8833,50.0,9.22
Camacha,40,PT,1619927439,72,33.0833,-16.3333,59.0,2.3
Loa Janan,76,ID,1619927439,57,-0.583,117.095,90.27,3.13
Hyères,0,FR,1619927440,62,43.1167,6.1167,53.6,18.41
San Rafael,30,AR,1619927335,53,-34.6177,-68.3301,58.26,3.71
Laguna,1,US,1619927086,55,38.421,-121.4238,66.2,9.22
Pochutla,98,MX,1619927440,78,15.7432,-96.4661,81.0,5.99
Berdigestyakh,100,RU,1619927441,84,62.0989,126.6992,39.92,7.61
Catuday,9,PH,1619927442,64,16.2923,119.8062,84.9,9.26
Zhoucheng,97,CN,1619927442,18,35.9122,116.3117,68.11,7.0
Vila Velha,75,BR,1619927077,100,-20.3297,-40.2925,73.99,3.44
Pisco,0,PE,1619926744,77,-13.7,-76.2167,68.0,3.44
Pergamino,72,AR,1619927443,76,-33.89,-60.5736,64.0,4.0
Santa Maria,0,BR,1619926741,100,-29.6842,-53.8069,57.2,3.44
Antofagasta,0,CL,1619927211,88,-23.65,-70.4,59.0,9.22
Lavrentiya,74,RU,1619926930,78,65.5833,-171.0,23.22,6.2
Quatre Cocos,40,MU,1619927444,94,-20.2078,57.7625,78.01,2.3
Katsuura,0,JP,1619926785,78,35.1333,140.3,69.01,15.99
Faanui,34,PF,1619926918,67,-16.4833,-151.75,80.85,4.72
Russell,1,US,1619927445,88,32.3502,-85.1999,66.2,1.86
São João da Barra,94,BR,1619926940,75,-21.6403,-41.0511,70.57,6.69
Katangli,100,RU,1619927446,97,51.7102,143.2326,31.98,23.51
Meulaboh,93,ID,1619927446,68,4.1363,96.1285,85.39,2.26
Panguipulli,90,CL,1619927446,100,-39.6333,-72.3333,51.8,3.44
Port Elizabeth,0,ZA,1619926945,81,-33.918,25.5701,48.2,2.3
Indramayu,78,ID,1619927447,68,-6.3264,108.32,86.0,10.76
Kiryat Gat,0,IL,1619927165,52,31.61,34.7642,71.01,4.61
Hanyang,93,CN,1619927448,65,32.1371,105.5126,76.1,1.28
Honiara,75,SB,1619927448,71,-9.4333,159.95,83.91,4.09
Yurimaguas,93,PE,1619927449,80,-5.9,-76.0833,75.09,1.25
Nome,40,US,1619927069,69,64.5011,-165.4064,28.4,13.8
Alofi,21,NU,1619926937,89,-19.0595,-169.9187,80.6,9.22
Buala,80,SB,1619926797,74,-8.145,159.5921,83.05,2.3
Oriximiná,97,BR,1619927450,93,-1.7656,-55.8661,73.89,3.15
Vardø,99,NO,1619926654,62,70.3705,31.1107,32.85,14.29
Mpika,28,ZM,1619927450,96,-11.8343,31.4529,59.58,7.94
Miles City,1,US,1619927451,27,46.4083,-105.8406,62.6,8.05
Chimbote,2,PE,1619926886,86,-9.0853,-78.5783,66.56,5.48
Kajaani,0,FI,1619927451,68,64.2273,27.7285,26.6,4.61
Kajiado,75,KE,1619927452,94,-1.8524,36.7768,62.6,4.54
Westport,1,US,1619927296,47,41.1415,-73.3579,53.6,12.66
Palana,38,RU,1619927452,75,59.1167,159.9667,30.81,9.4
Boende,100,CD,1619927453,95,-0.2167,20.8667,70.9,1.66
Grand Gaube,13,MU,1619927453,86,-20.0064,57.6608,78.01,5.01
Vangaindrano,54,MG,1619927454,92,-23.35,47.6,70.02,3.31
Lubbock,20,US,1619927216,52,33.6001,-101.8338,66.2,11.5
Aloleng,9,PH,1619927454,65,16.1307,119.7824,86.72,10.02
Hamilton,1,US,1619926921,45,39.1834,-84.5333,63.0,10.36
Amapá,100,BR,1619926904,99,1.0,-52.0,71.15,0.92
Lagoa,100,PT,1619926900,95,39.05,-27.9833,59.85,13.56
Fukuechō,40,JP,1619927095,51,32.6881,128.8419,60.8,20.71
Codrington,67,AU,1619926973,46,-38.2667,141.9667,70.57,12.64
Ardmore,40,US,1619927242,88,34.1743,-97.1436,64.99,9.22
Verāval,97,IN,1619927456,50,20.9,70.3667,88.25,7.81
Ilhéus,36,BR,1619927456,90,-14.7889,-39.0494,68.85,7.9
Mount Isa,75,AU,1619927457,25,-20.7333,139.5,87.8,8.05
North Bend,20,US,1619927457,82,43.4065,-124.2243,53.6,10.36
Cascais,20,PT,1619927458,81,38.6979,-9.4215,54.0,2.3
Srandakan,26,ID,1619927458,63,-7.9386,110.2506,86.99,6.73
Xichang,49,CN,1619926896,40,27.8964,102.2634,78.85,3.62
Ranong,20,TH,1619927459,84,9.9658,98.6348,84.2,3.44
Atikokan,60,CA,1619927459,60,48.7555,-91.6216,51.96,5.06
Prince George,90,CA,1619927460,71,53.9166,-122.753,46.4,8.05
Talnakh,99,RU,1619926970,95,69.4865,88.3972,25.68,3.51
Virginia Beach,0,US,1619927460,91,36.8529,-75.978,54.0,10.92
Kindu,100,CD,1619927461,99,-2.95,25.95,68.38,2.04
Inhambane,11,MZ,1619926877,77,-23.865,35.3833,68.18,13.2
Cap Malheureux,13,MU,1619927461,86,-19.9842,57.6142,78.01,5.01
Manjacaze,1,MZ,1619927462,88,-24.7117,33.8828,62.33,5.41
Asău,100,RO,1619926949,59,46.4333,26.4,55.99,3.44
Nerchinskiy Zavod,100,RU,1619927462,34,51.3088,119.61,52.88,16.24
Kishni,57,IN,1619927463,19,27.0247,79.2634,98.37,2.39
Blagoyevo,27,RU,1619927463,70,63.3667,47.9167,30.97,12.59
Kemijärvi,52,FI,1619927464,85,66.7131,27.4306,24.17,2.44
Morondava,99,MG,1619927465,79,-20.2833,44.2833,75.06,2.24
George Town,20,MY,1619926681,79,5.4112,100.3354,89.6,8.05
Arvika,8,SE,1619927465,100,59.6553,12.5852,30.2,1.14
Port Hawkesbury,90,CA,1619927466,70,45.6169,-61.3485,43.0,12.66
Cayenne,75,GF,1619927466,94,4.9333,-52.3333,77.0,2.3
Marzuq,100,YE,1619927466,72,14.4,46.4667,67.95,3.8
Malakal,100,SS,1619927467,55,9.5334,31.6605,82.15,1.83
Caborca,94,MX,1619927467,17,30.5838,-111.101,80.01,12.37
Vanavara,73,RU,1619927023,69,60.34,102.2797,40.62,9.82
Inzhavino,100,RU,1619927468,82,52.3185,42.4937,47.46,2.13
Pāsighāt,100,IN,1619927468,79,28.0667,95.3333,75.06,2.51
Luga,73,RU,1619927469,71,58.7372,29.8453,36.39,3.78
Taree,75,AU,1619927470,100,-31.9,152.4667,66.2,8.05
Bălţi,100,MD,1619927470,82,47.7617,27.9289,59.0,1.01
Tanout,9,NE,1619927471,6,14.9709,8.8879,76.93,9.78
Colac,100,AU,1619927471,65,-38.3333,143.5833,66.0,1.99
College,29,US,1619926851,48,64.8569,-147.8028,44.01,3.06
Korla,98,CN,1619926960,17,41.7597,86.1469,70.63,18.86
General Roca,90,AR,1619926703,67,-39.0333,-67.5833,57.2,6.91
Noumea,90,NC,1619926637,65,-22.2763,166.4572,80.01,14.97
Paamiut,34,GL,1619927473,59,61.994,-49.6678,36.97,10.78
Kitob,85,UZ,1619927473,52,39.0843,66.8332,69.8,4.61
Cherskiy,18,RU,1619926957,78,68.75,161.3,23.99,3.36
Monsenhor Gil,40,BR,1619927474,88,-5.5642,-42.6078,77.0,3.44
Jalu,0,LY,1619926984,15,29.0331,21.5482,82.56,8.88
Pacific Grove,23,US,1619927474,88,36.6177,-121.9166,53.01,13.33
Vestmannaeyjar,76,IS,1619927475,65,63.4427,-20.2734,38.46,12.06
Batemans Bay,100,AU,1619927476,63,-35.7167,150.1833,75.0,8.97
Altagracia de Orituco,67,VE,1619927476,89,9.8601,-66.3814,71.74,4.52
Sørland,100,NO,1619926879,61,67.667,12.6934,36.32,11.97
Leningradskiy,100,RU,1619926923,93,69.3833,178.4167,18.05,18.03
Oddur,51,SO,1619927477,80,4.1213,43.8894,75.42,8.25
Santa Cruz de La Palma,90,ES,1619927034,68,28.6835,-17.7642,66.2,6.91
Yichun,82,CN,1619927477,28,47.7,128.9,58.46,10.13
Belmonte,40,BR,1619927478,83,-15.8631,-38.8828,69.8,6.91
Philadelphia,75,US,1619926924,41,39.9523,-75.1638,57.99,10.36
Talara,9,PE,1619927479,78,-4.5772,-81.2719,71.4,12.3
Santa Cruz,0,MA,1619927479,87,30.4202,-9.5982,53.6,3.44
Balkhash,0,KZ,1619927480,25,46.844,74.9804,51.8,24.61
Yantal',67,RU,1619927480,65,56.8471,105.2542,48.27,8.7
Nālūt,100,LY,1619927480,27,30.3333,10.85,72.99,13.4
Onega,84,RU,1619927481,84,63.9061,38.1404,31.62,13.8
Vrangel',13,RU,1619927233,42,42.7297,133.0839,57.76,13.18
Kamenka,100,RU,1619927481,84,51.3223,42.7678,48.0,4.63
Terney,100,RU,1619927482,84,45.0503,136.6092,42.42,5.14
Yumen,3,CN,1619927482,23,40.2833,97.2,65.21,13.58
Makushino,85,RU,1619927483,37,55.2103,67.2442,59.74,21.16
Steinbach am Taunus,40,DE,1619927484,53,50.1667,8.5667,48.2,10.36
Koratla,31,IN,1619927484,29,18.8167,78.7167,93.88,5.03
Zhigansk,100,RU,1619927484,98,66.7697,123.3711,34.56,4.68
Isangel,90,VU,1619927485,78,-19.55,169.2667,78.8,18.7
‘Ewa Beach,40,US,1619927485,57,21.3156,-158.0072,80.6,21.85
Muroto-misakicho,75,JP,1619927486,48,33.2833,134.15,64.4,18.41
Policoro,94,IT,1619927486,82,40.2115,16.6726,66.0,3.0
Anadyr,75,RU,1619927486,79,64.75,177.4833,17.6,4.47
Batagay,100,RU,1619927487,85,67.6333,134.6333,35.11,4.76
Finspång,64,SE,1619927487,100,58.7058,15.7674,32.0,2.3
Erenhot,87,CN,1619927488,18,43.6475,111.9767,68.9,19.71
Washington,1,US,1619927261,28,47.5001,-120.5015,57.2,18.41
Statesville,1,US,1619927227,58,35.7826,-80.8873,55.4,4.05
Paita,68,PE,1619927488,75,-5.0892,-81.1144,70.81,12.21
Sibu,40,MY,1619927489,70,2.3,111.8167,87.8,2.3
Changping,0,CN,1619927490,18,40.2186,116.2197,72.0,6.71
Hanna,100,CA,1619927490,46,51.6334,-111.9018,44.01,8.99
Tazovsky,100,RU,1619926971,92,67.4667,78.7,30.0,11.5
Priozyornoye,83,UA,1619927490,77,45.2698,36.3303,56.7,8.84
Solnechnyy,100,RU,1619927491,77,50.7214,136.6319,38.88,10.58
Funtua,43,NG,1619927492,15,11.5233,7.3081,77.09,6.82
Forsytheganj,100,BY,1619927492,91,52.6333,29.7333,48.63,9.95
Honningsvåg,99,NO,1619927493,72,70.9821,25.9704,32.43,18.16
Monrovia,69,LR,1619927330,81,6.3005,-10.7969,80.62,8.84
Sola,94,VU,1619927493,88,-13.8833,167.55,76.75,8.08
Cap-aux-Meules,89,CA,1619927494,93,47.3821,-61.8597,37.4,6.91
Labuhan,65,ID,1619927495,67,-6.8844,112.2051,86.67,10.25
West Bay,64,KY,1619927495,79,19.3667,-81.4167,80.01,9.42
Saint-Pierre,0,RE,1619927496,64,-21.3393,55.4781,75.2,9.22
Kirakira,82,SB,1619927105,79,-10.4544,161.9205,81.18,3.04
Tauá,86,BR,1619927496,84,-5.9667,-40.3,71.01,6.2
Salalah,75,OM,1619927497,79,17.0151,54.0924,84.2,2.3
Graaff-Reinet,0,ZA,1619927497,40,-32.2522,24.5308,52.14,4.27
Bandarbeyla,97,SO,1619927024,72,9.4942,50.8122,84.36,5.79
Trairi,100,BR,1619927325,94,-3.2778,-39.2689,73.02,4.27
Aswān,0,EG,1619927498,15,24.0934,32.907,81.63,10.02
Shilovo,98,RU,1619927498,78,54.3204,40.874,43.0,5.03
Nizhniy Odes,89,RU,1619926961,73,63.6445,54.856,31.55,11.54
Eston,90,CA,1619927499,40,51.1501,-108.7514,55.4,10.36
High Level,20,CA,1619927499,65,58.5169,-117.136,39.2,9.22
Nishihara,0,JP,1619927088,41,26.1842,127.7558,80.6,6.91
Tezu,99,IN,1619926988,58,27.9167,96.1667,80.15,0.56
Raudeberg,17,NO,1619927500,78,61.9875,5.1352,39.99,14.18
Moscow,0,RU,1619927269,53,55.7522,37.6156,44.6,4.47
Coutances,1,FR,1619927501,81,49.05,-1.4333,46.0,2.17
Nago,20,JP,1619927501,47,26.5881,127.9761,80.6,5.75
Popondetta,5,PG,1619927502,53,-8.7537,148.2534,89.82,7.49
Amherstburg,1,CA,1619927502,42,42.1168,-83.0499,64.4,11.5
Mórrope,1,PE,1619927503,85,-6.5417,-80.0111,71.01,3.0
Odesskoye,56,RU,1619927503,34,54.2111,72.9651,55.29,15.7
Şofronea,0,RO,1619927504,77,46.2667,21.3,63.0,9.22
Grimshaw,20,CA,1619927054,76,56.1834,-117.6027,44.6,2.3
Morgan City,75,US,1619927504,88,29.6994,-91.2068,73.4,9.22
Cururupu,96,BR,1619927056,98,-1.8283,-44.8683,72.23,2.51
Molteno,0,ZA,1619927505,73,-31.3968,26.3625,42.3,1.43
Kruisfontein,0,ZA,1619926650,64,-34.0033,24.7314,52.63,4.88
Vila,0,PT,1619927109,89,42.0304,-8.1588,39.0,1.01
Mitsamiouli,8,KM,1619927506,76,-11.3847,43.2844,81.7,6.62
Lobito,96,AO,1619927506,83,-12.3481,13.5456,78.73,5.53
Kuybysheve,75,UA,1619927507,76,47.358,36.6491,57.63,6.62
Aras,0,ES,1619927507,100,42.5617,-2.356,42.01,3.44
Homer,1,US,1619926723,49,59.6425,-151.5483,46.4,6.91
Mednogorskiy,1,RU,1619927508,81,43.9178,41.1825,54.1,2.19
Moose Factory,40,CA,1619926993,93,51.2585,-80.6094,17.6,5.75
Shache,55,CN,1619927509,16,38.4167,77.2406,79.09,15.82
San Luis,64,AR,1619927509,59,-33.295,-66.3356,59.16,4.85
Avera,1,US,1619926989,72,33.194,-82.5271,64.4,5.75
Stromness,83,GB,1619927510,87,58.965,-3.296,35.6,1.14
Biała Podlaska,100,PL,1619927510,94,52.0324,23.1165,46.02,12.15
Kerchevskiy,8,RU,1619927510,73,59.946,56.2884,41.04,8.84
Hervey Bay,40,AU,1619927511,61,-25.2986,152.8535,77.0,16.11
Port-Gentil,100,GA,1619927511,81,-0.7193,8.7815,80.96,4.21
Waingapu,18,ID,1619927512,60,-9.6567,120.2641,85.46,14.2
Guisijan,13,PH,1619927512,60,11.0932,122.0461,87.76,7.47
Kutum,32,SD,1619927512,19,14.2,24.6667,73.69,9.89
Kontagora,63,NG,1619927513,59,10.3999,5.4695,79.65,4.7
Petropavlovsk-Kamchatskiy,75,RU,1619927513,93,53.0452,158.6483,35.6,6.71
Haimen,97,CN,1619927514,57,23.1935,116.6142,82.4,11.18
Seymchan,99,RU,1619927514,83,62.8833,152.4333,35.6,1.97
Farsund,99,NO,1619927515,79,58.0948,6.8047,45.0,1.59
Ondarroa,95,ES,1619927515,91,43.3167,-2.4167,48.0,2.35
Jiuquan,8,CN,1619927516,22,39.7432,98.5174,64.42,8.72
Barra,81,BR,1619927516,68,-11.0894,-43.1417,72.91,6.69
Te Anau,0,NZ,1619927517,70,-45.4167,167.7167,57.24,1.14
Varhaug,0,NO,1619927517,87,58.6147,5.6457,35.6,4.61
Uyemskiy,75,RU,1619927518,80,64.4743,40.8524,32.0,8.95
Presidente Médici,64,BR,1619927518,94,-11.1753,-61.9014,71.26,0.74
Ghugus,93,IN,1619927519,24,19.9333,79.1333,95.41,7.09
Nakanojōmachi,48,JP,1619927519,35,36.5833,138.85,68.0,8.01
China,73,MX,1619927520,61,25.7,-99.2333,77.7,7.74
Srednekolymsk,11,RU,1619927520,83,67.45,153.6833,31.48,8.66
Padang,40,ID,1619927489,74,-0.9492,100.3543,86.0,4.61
Lockhart,1,US,1619927521,83,28.6194,-81.4426,75.0,8.05
Dongsheng,89,CN,1619927521,21,39.8161,109.9776,69.8,25.5
Mabaruma,86,GY,1619927039,96,8.2,-59.7833,73.02,2.24
Finnsnes,100,NO,1619927522,93,69.2296,17.9811,26.6,2.3
Olinda,0,BR,1619927018,88,-8.0089,-34.8553,71.6,3.44
São José da Coroa Grande,47,BR,1619927523,84,-8.8978,-35.1478,75.67,2.1
Todos Santos,4,MX,1619927523,86,23.45,-110.2167,68.0,1.99
Los Algarrobos,98,PA,1619927524,98,8.5,-82.4333,63.0,4.12
Nhulunbuy,40,AU,1619927524,55,-12.2333,136.7667,87.8,13.8
Saint-Augustin,100,CA,1619927040,91,51.226,-58.6502,36.05,9.51
Iwaki,84,JP,1619927525,86,37.05,140.8833,57.0,3.0
Kandi,100,BJ,1619927525,46,11.1342,2.9386,84.88,8.3
Canutama,45,BR,1619927526,98,-6.5339,-64.3831,72.18,2.17
Massaguet,0,TD,1619927526,34,12.4755,15.4365,82.4,8.05
Mlonggo,40,ID,1619927527,62,-6.5333,110.7,89.6,12.66
Colina,100,BR,1619927527,58,-20.7133,-48.5408,67.6,8.63
Nautla,91,MX,1619927528,92,20.2167,-96.7833,76.48,10.85
Gravdal,100,NO,1619927528,72,68.1214,13.5031,34.43,10.13
Moussoro,92,TD,1619927529,12,13.6408,16.4901,81.72,6.33
Marsh Harbour,63,BS,1619926675,78,26.5412,-77.0636,77.76,8.63
Sittwe,0,MM,1619927529,60,20.15,92.9,86.58,6.69
Kushmurun,62,KZ,1619927530,41,52.4503,64.6311,59.41,19.71
Marabu,40,MY,1619927530,70,4.4148,114.0089,87.8,4.61
Halifax,22,CA,1619927253,76,44.6453,-63.5724,45.0,5.75
Takoradze,100,GH,1619927051,83,4.8845,-1.7554,80.04,6.13
Portland,96,US,1619926939,62,45.5234,-122.6762,57.0,1.99
Teberda,10,RU,1619927531,79,43.4456,41.7448,50.23,1.54
Tevriz,99,RU,1619926951,45,57.509,72.4042,54.61,11.52
Pangnirtung,75,CA,1619927479,93,66.1451,-65.7125,32.0,9.22
Andros Town,0,BS,1619927532,83,24.7,-77.7667,77.0,5.75
Beaverlodge,75,CA,1619927533,75,55.2166,-119.4361,42.8,6.91
Altay,28,CN,1619926941,36,47.8667,88.1167,42.71,9.19
Muisne,100,EC,1619926855,90,0.6,-80.0333,75.38,6.73
Katherine,0,AU,1619927533,29,-14.4667,132.2667,89.6,14.97
Longyearbyen,20,SJ,1619926946,73,78.2186,15.6401,15.8,11.5
Ambilobe,12,MG,1619926826,90,-13.2,49.05,74.17,2.98
Karratha,9,AU,1619927081,34,-20.7377,116.8463,89.96,8.16
Poum,78,NC,1619927032,73,-20.2333,164.0167,77.74,9.06
Maués,100,BR,1619927535,97,-3.3836,-57.7186,73.11,2.64
Baton Rouge,1,US,1619927521,78,30.4508,-91.1545,72.0,8.05
Poso,96,ID,1619927345,54,-1.3959,120.7524,93.0,7.43
Namie,100,JP,1619927013,81,37.4833,141.0,57.99,6.33
Bushehr,0,IR,1619927536,73,28.9684,50.8385,75.2,4.61
Bāsudebpur,22,IN,1619927536,45,21.1353,86.7386,92.91,11.77
Vila Franca do Campo,75,PT,1619927537,100,37.7167,-25.4333,60.8,12.66
Cassilândia,100,BR,1619927537,82,-19.1133,-51.7342,66.0,3.71
La Asuncion,83,VE,1619927537,78,11.0333,-63.8628,80.6,12.66
Abu Kamal,0,SY,1619927538,27,34.4506,40.9171,73.27,15.86
The Pas,90,CA,1619927538,70,53.8251,-101.2541,41.0,6.91
Conde,20,BR,1619927539,94,-7.2597,-34.9075,75.2,5.75
Itoman,0,JP,1619927539,41,26.1247,127.6694,80.6,6.91
Vung Tau,2,VN,1619927540,66,10.346,107.0843,87.15,16.6
Altea,86,ES,1619927540,89,38.5989,-0.0514,60.01,5.99
Gweta,0,BW,1619927540,77,-20.1833,25.2333,60.78,12.73
Lexington,1,US,1619927541,54,37.9887,-84.4777,57.2,6.91
Pastavy,98,BY,1619927542,67,55.1168,26.8326,39.83,5.12
Wakkanai,75,JP,1619927542,81,45.4094,141.6739,39.2,10.36
Havøysund,90,NO,1619927543,74,70.9963,24.6622,30.2,3.44
Kenmare,5,IE,1619927543,88,51.8833,-9.5833,36.43,1.54
Jardim,0,BR,1619927544,56,-21.4803,-56.1381,68.41,3.2
Bacolod City,19,PH,1619927544,58,10.6667,122.95,89.82,13.02
Los Llanos de Aridane,90,ES,1619927545,68,28.6585,-17.9182,66.2,6.91
Ţahţā,0,EG,1619927545,16,26.7693,31.5021,73.4,8.05
Palafrugell,90,ES,1619927545,100,41.9174,3.1631,50.0,3.44
Beloha,60,MG,1619927024,84,-25.1667,45.05,67.44,5.5
Sinnamary,68,GF,1619927546,90,5.3833,-52.95,76.62,7.14
Inuvik,100,CA,1619927546,80,68.3499,-133.7218,26.6,4.61
Koulamoutou,96,GA,1619927547,98,-1.1303,12.4736,70.2,1.1
Lethem,99,GY,1619927547,87,3.3803,-59.7968,75.72,7.67
Wexford,65,IE,1619927548,13,52.3342,-6.4575,37.99,4.0
Kavieng,29,PG,1619927077,68,-2.5744,150.7967,84.45,4.16
Grootfontein,19,NA,1619927548,88,-19.5667,18.1167,60.8,5.75
Kloulklubed,90,PW,1619927549,89,7.0419,134.2556,78.8,9.22
Hokitika,39,NZ,1619927549,68,-42.7167,170.9667,56.19,4.9
Luanda,75,AO,1619927550,94,-8.8368,13.2343,78.8,3.44
Enterprise,20,US,1619927397,8,36.0252,-115.2419,84.2,12.66
Kavaratti,84,IN,1619927471,73,10.5669,72.642,83.86,3.49
Neuquén,90,AR,1619927551,67,-38.9516,-68.0591,57.2,6.91
Boddam,12,GB,1619927551,93,57.4667,-1.7833,39.0,1.14
Udachny,100,RU,1619927552,100,66.4167,112.4,33.76,8.14
Dawson Creek,1,CA,1619927552,70,55.7666,-120.2362,44.6,9.22
Barra de Tecoanapa,73,MX,1619926968,74,16.5167,-98.75,81.09,8.23
Carutapera,81,BR,1619926996,93,-1.195,-46.02,73.92,2.98
Tonj,100,SS,1619927553,77,7.2737,28.6822,74.32,4.25
Waharoa,1,NZ,1619927554,68,-37.7667,175.7667,62.01,1.01
Moengo,100,SR,1619927554,98,5.6167,-54.4,73.74,2.06
Gemena,65,CD,1619927554,92,3.25,19.7667,68.86,1.61
Tura,3,IN,1619926973,37,25.5198,90.2201,89.67,5.1
San Jose,20,US,1619927432,67,37.3394,-121.895,57.2,10.36
Jiazi,97,CN,1619927555,58,22.8779,116.067,82.98,9.13
Bemidji,1,US,1619927281,39,47.4736,-94.8803,61.0,5.75
Ilebo,100,CD,1619927556,98,-4.3167,20.5833,70.32,2.06
Robertsport,20,LR,1619926957,79,6.7533,-11.3686,81.37,7.7
